,Product_Category,Product_Name,Prodcut_Selling_Price,Prodcut_Mark_Price,Product_Rating,Product_link,Total_User,Product_subcategory1,Product_subcategory2,Product_Variety,Product_Availbility
0,makeup,"LIT Liquid Matte Lipstick - Swinger (Brick Red Shade) | Long Lasting, Smudge-proof, Hydrating Matte Lipstick With Moringa Oil (1.6 ml)",299,375,5 ratings,https://www.myglamm.com/product/lit-liquid-matte-lipstick-swinger-1-6ml.html,104,Lip Makeup,Liquid Lipstick,"['Swinger', 'DM Slide', 'Cupcakey', 'Submarining', 'Daterview', 'Hot Hottie', 'Dogging', 'Holmes', 'Pie Hunt', 'Sugar mama', 'Draking', 'Fetish', 'Boo', 'Like A G6', 'Cuffing', 'Kittenfish', 'OTP', 'Fire', 'Slow Fade', 'Watermelon Sugar', 'CU46', 'Insta Baddie', 'E-Boy', 'Lovebomb']",ADD TO BAG
1,makeup,lit-velvet-matte-liquid-lipstick-fake-id-1-6ml,230,,3.4 ratings,https://www.myglamm.com/product/lit-velvet-matte-liquid-lipstick-fake-id-1-6ml.html,300,Lip Makeup,Liquid Lipstick,[],Notify
2,makeup,pack-of-2-lipstick-and-chromantic-nail-paint-par,240,,2.3 ratings,https://www.myglamm.com/product/pack-of-2-lipstick-and-chromantic-nail-paint-par.html,50,Nail Makeup,Nail Polish,[],Notify
3,makeup,"MyGlamm Chromantic Metallic Nail Enamel - Hi Barbie! (Light Pink Shade) | Chamical Free, Chrome Finish & Long Lasting Nail Polish (10ml)",229,249,5 ratings,https://www.myglamm.com/product/chromantic-metallic-nail-enamel-hi-barbie.html,10,Nail Makeup,Nail Polish,"['Hi Barbie!', '24K drip', 'Delilah', 'Luna', 'Kitty Blush', 'Crystal Pink', 'Apple Poison', 'Old Money', 'Midas touch', 'Geisha', 'Nebula', 'Poison Ivy', 'Unicorn Dreams', 'New Money', 'Galactic Glamour', 'Celestial Aura']",ADD TO BAG
4,makeup,"MyGlamm LIT Liquid Matte Lipstick - Pack of 3 Exclusive Combo | Long Lasting, Smudge-Proof, Hydrating Matte Lipstick Set (1.6ml x 3)",618,"1,125",5 ratings,https://www.myglamm.com/product/lit-liquid-matte-lipstick-1-6-ml-pack-of-3.html,204,Lip Makeup,Liquid Lipstick,[],Notify
5,makeup,"MyGlamm Define It Lip Liner - Burgundy (Brown Burgundy Shade) | Creamy, Matte Finish, Long Lasting Lip Liner with Rosehip Oil",509,599,5 ratings,https://www.myglamm.com/product/myglamm-define-it-lip-liner-burgundy.html,65,Lip Makeup,Lip Liner,"['Burgundy', 'Caramel', 'Berry', 'Candy', 'Scarlet', 'Rose']",ADD TO BAG
6,makeup,MyGlamm LIT Radiant Matte Compact Powder - Serving Face,259,299,5 ratings,https://www.myglamm.com/product/lit-radiant-matte-compact-serving-face.html,1443,Face Makeup,Compact,"['Serving Face', 'Snatched', 'Beat']",ADD TO BAG
7,makeup,MyGlamm LIT Glossy Liquid Eyeliner - Black Party (Midnight Black Shade) | Up to 24hr Water-proof & Smudge-proof (3.5ml),249,325,5 ratings,https://www.myglamm.com/product/lit-glossy-liquid-eyeliner-black-party.html,1438,Eye Makeup,Eyeliner,"['Black Party', 'Blue Birthday', 'Green Soirée', 'Pink Rave', 'Purple Farewell']",ADD TO BAG
8,makeup,"MyGlamm Super Kohl Long Stay Kajal - Black | Matte Finish, Long Lasting, Smudge Proof & Water Proof Eye Kajal Pencil",199,,5 ratings,https://www.myglamm.com/product/myglamm-super-kohl-long-stay-kajal.html,157,Eye Makeup,Kajal,[],Notify
9,makeup,"MyGlamm LIT Creamy Matte Lipstick - Purple Martini (Deep Reddish Brown Shade) | Long Lasting, Creamy, Demi-matte Finish Slim Lipstick (3.7g)",506,595,4.9 ratings,https://www.myglamm.com/product/lit-creamy-matte-lipstick-purple-martini.html,1464,Lip Makeup,Brown Lipstick,"['Purple Martini', 'Flirtini', 'Manhattan', 'Bloody Mary', 'Mai Tai', 'Appletini', 'Rossini', 'French 75', 'LIIT', 'Old Fashion', 'Tequila Sunrise', 'Mimosa', 'Sangria']",ADD TO BAG
10,makeup,MyGlamm Super Serum Compact - 201N Sesame | Skin-Perfecting Hydrating Compact Powder With Hyaluronic Acid & Vitamin E for Skin Protection (9g),349,499,5 ratings,https://www.myglamm.com/product/myglamm-super-serum-compact-201n-sesame.html,54,Face Makeup,Compact,"['201N Sesame', '401N Mocha', '202W Latte', '301C Rosé', '101N Cream', '102W Beige']",ADD TO BAG
11,makeup,"MyGlamm Super Serum Foundation - 302W Wheat | Serum-Infused, Long Lasting, Water-Resistant Foundation With SPF 30 For Sun Protection (33g)",489,699,5 ratings,https://www.myglamm.com/product/myglamm-super-serum-foundation-302w-wheat.html,62,Face Makeup,Foundation,"['302W Wheat', '401W Toffee', '202W Sunny', '101C Rosette', '301N Biscuit', '103W Crème', '201W Crêpe', '102N Lightful']",ADD TO BAG
12,makeup,"MyGlamm Define It Lip Liner + LIT Liquid Matte Lipstick Exclusive Combo Partneship | Long Lasting, Matte Finish Lip Liner & Smudge Proof Lipstick",974,,5 ratings,https://www.myglamm.com/product/myglamm-define-it-lip-liner-lit-liquid-matte-lipstick-exclusive-combo-par.html,2,Combo,Makeup Combo,[],Notify
13,makeup,"MyGlamm POSE HD Lipstick - Cranberry (Maroon Shade) | Long Lasting, Demi-Matte Finish HD Lipstick With Moringa Oil & Vitamin E (4g)",509,599,4.9 ratings,https://www.myglamm.com/product/pose-hd-lipstick-cranberry.html,766,Lip Makeup,Lipsticks,"['Cranberry', 'Rose Pink', 'Peach Pink', 'Carmine Red', 'Soft Pink', 'Nude Mauve', 'Raspberry', 'Merlot', 'Rich Rose', 'Ripe Grape', 'Mahogany', 'Deep Pink', 'Dark Brown', 'Burgundy', 'Brick Red', 'Caramel', 'Deep Rose Red', 'True Red', 'Muted Brown', 'Muted Coral']",ADD TO BAG
14,makeup,"MyGlammExclusive Combo of LIT Liquid Matte Lipstick (Pack of 3) | Long Lasting, Smudge-Proof, Hydrating Matte Lipsticks","1,125",,5 ratings,https://www.myglamm.com/product/myglamm-2-lit-liquid-matte-1-lit-velvet-matte-exclusive-combo-jul-part.html,4,Lip Makeup,Liquid Lipstick,[],Notify
15,makeup,"MyGlamm POSE HD Foundation Stick - Porcelain (Light Beige Undertone) | Nourishing, Matte, Foundation Stick With Vitamin E (5g)",539,599,5 ratings,https://www.myglamm.com/product/pose-hd-foundation-stick-porcelain.html,1507,Face Makeup,Foundation,"['Porcelain', 'Shell Beige', 'Warm Porcelain', 'Almond', 'Desert Beige', 'Walnut', 'Espresso', 'Golden Honey', 'Warm Sand', 'Warm Beige']",ADD TO BAG
16,makeup,"MyGlamm LIT Matte About It Lip Color - Pink Jazz (Hot Pink Shade) | Long Lasting, Pigmented, Lip Crayon with Moringa Oil & Vitamin E",499,,5 ratings,https://www.myglamm.com/product/lit-matte-about-it-crayon-lipstick-pink-jazz.html,199,Lip Makeup,Crayon lipstick,"['Pink Jazz', 'Salmon Swing', 'Fuchsia Ballet', 'Crimson Calypso', 'Maroon Jive', 'Wine Tango', 'Red Rumba', 'Cherry Tap', 'Taupe Samba', 'Berry Bachata', 'Brown Disco', 'Peach Fusion']",ADD TO BAG
17,makeup,"MyGlamm LIT Liquid Matte Lipstick - DM Slide (Deep Marron Brown Shade) | Smudge-proof, Transfer-proof & 12Hr Stay Long Lasting Lipstick (3ml)",277,395,4.9 ratings,https://www.myglamm.com/product/lit-liquid-matte-lipstick-dm-slide.html,18041,Lip Makeup,Brown Lipstick,"['DM Slide', 'Hot Hottie', 'Ok Boomer', 'Stashing', 'Plus One', 'DTR', 'E-Boy', 'Kittenfish', 'Watermelon Sugar', 'Holmes', 'Cupcakey', 'Like A G6', 'Slow Fade', 'CU46', 'Cuffing', 'Mad Cute']",ADD TO BAG
18,makeup,"MyGlamm Super Serum BB Cream - 301 Almond | BB Cream With Hyaluronic Acid & SPF 50 PA+++ for UVA, UVB Protection & Natural Glow (30g)",314,449,5 ratings,https://www.myglamm.com/product/myglamm-super-serum-bb-cream-301-almond-30g.html,22,Face Makeup,Foundation,"['301 Almond', '201 Pine', '101 Cashew']",ADD TO BAG
19,makeup,"POPxo Makeup - Vacay Mini Nail Kit (Set of 5) | Long Lasting, Chip-Resistant, Glossy Mini Nail Polish Set (3ml x 5)",210,299,5 ratings,https://www.myglamm.com/product/popxo-makeup-vacay-mini-nail-kit.html,184,Nail Makeup,Nail Polish Sets,"['Vacay', ""Chillin'"", 'Bestie', ""Hustlin'"", ""Vibin'"", ""Queenin'"", 'Sleighin’']",ADD TO BAG
20,makeup,"MyGlamm POUT by Karan Johar - No Pout Pout (Mauve Nude Brown Shade)  Moisturising, Tinted Plumping Lipstick For A Juicy, Petal Glow Finish (3.5g)",759,799,5 ratings,https://www.myglamm.com/product/pout-by-karan-johar-no-pout-pout-mauve-nude-lipstick.html,73,Lip Makeup,Lipsticks,"['No Pout Pout', ""Wine n' Pout"", 'True Pout', ' Kissable Pout', 'Party Pout', 'Perfect Pout', 'Poutitude', 'Power Pout', 'Wake up Pout', 'Pout it Out']",ADD TO BAG
21,makeup,MyGlamm Set On You Makeup Setting Spray,249,299,5 ratings,https://www.myglamm.com/product/myglamm-set-on-you-makeup-setting-spray.html,44,Face Makeup,Loose Powders & Fixers,[],Notify
22,makeup,"MyGlamm SUPERFOODS Color Pop Lip Balm - Strawberry | Tinted Lip Balm With SPF 20, Shea Butter & Vitamin E for Smooth & Soft Lips (4.6g)",149,160,5 ratings,https://www.myglamm.com/product/superfoods-color-pop-lip-balm-strawberry.html,646,Lip Makeup,Lip Balm,"['Strawberry', 'Berry', 'Watermelon', 'Cacao & Vanilla', 'Cherry', 'Rose']",ADD TO BAG
23,makeup,"MyGlamm LIT Liquid Matte Lipstick - Swinger (Caramel Brown Shade) | Smudge-proof, Transfer-proof & 12Hr Stay Long Lasting Lipstick (3ml)",277,395,5 ratings,https://www.myglamm.com/product/lit-liquid-matte-lipstick-swinger.html,29,Lip Makeup,Brown Lipstick,"['Swinger', 'Snacc', 'Rbomb', 'Quick Strike', 'Submarining', 'Fetish', 'Draking', 'Booty Call', 'Matrimania', 'Cottagecore', 'Benched', 'Ping Me', 'Hype Bae', 'FBO', 'JOMO', 'Buss It', 'Fire', 'TBH', 'Smash']",ADD TO BAG
24,makeup,"MyGlamm Two Of Your Kind Nail Enamel - Party Parade (Berry Pink + Pink Silver Glitter Shade) | Long Lasting, Gel Finish Nail Polish Duo (5ml x 2)",249,295,5 ratings,https://www.myglamm.com/product/two-of-your-kind-high-party-parade-nail-enamel.html,23,Nail Makeup,Nail Polish Sets,"['Party Parde', 'Carnival Crush', 'Bring the Bling', 'Steal the Show', 'Wicked Wish', 'High on Drama']",ADD TO BAG
25,makeup,"MyGlamm POSE HD Blush Duo - Coral & Punch (Peachy & Mauve Pink Shade) | Long Lasting, Lightweight, Blendable Soft Focus Blush ",524,699,5 ratings,https://www.myglamm.com/product/pose-hd-blush-duo-coral-punch.html,146,Face Makeup,Blush,[],Notify
26,makeup,Manish Malhotra Concealer - Neutral Maple,509,599,5 ratings,https://www.myglamm.com/product/manish-malhotra-skin-awakening-concealer-neutral-maple.html,88,Face Makeup,Concealer,"['Neutral Maple', 'Warm Fawn', 'Neutral Teak', 'Warm Oat', 'Cool Pinenut', 'Warm Porcelain']",ADD TO BAG
27,makeup,MyGlamm K.Play Flavoured Lipgloss - Berry Blast,595,,4.9 ratings,https://www.myglamm.com/product/kplay-flavoured-lipgloss-berry-blast.html,475,Lip Makeup,Lip Gloss,"['Berry Blast', 'Melon Squeeze', 'Pink Guava Smash', 'Orange Spin', 'Apple Crunch', 'Cranberry Twist', 'Lychee Twirl', 'Mango Swirl', 'Raspberry Punch', 'Blueberry Rush', 'Passion Fruit Crush']",ADD TO BAG
28,makeup,"MyGlamm LIT Liquid Matte Lipstick + LIT Velvet Matte Liquid Lipstick Exclusive (Combo of 2) | Long Lasting, Smudge-Proof, Hydrating",487,750,5 ratings,https://www.myglamm.com/product/lit-liquid-matte-lipstick-lit-velvet-matte-liquid-lipstick-exclusive-combo.html,73,Lip Makeup,Liquid Lipstick,[],Notify
29,makeup,"MyGlamm LIT Nail Enamel - Bold Glamm - Bussin’ (Black Shade) | Chip Resistant, Long Lasting, High Shine Glossy Nail Polish (7ml)",150,,,https://www.myglamm.com/product/lit-nail-enamel-bussin.html,,Nail Makeup,Glossy Nail Enamel,"[""Bussin'"", 'XOXO', 'No Chill', 'Grounded', 'Whipped', 'Low Key', 'Morning After', 'FOMO', 'Miss Sassy', 'All G', 'Simp', 'Bad Romance', 'Crushin', 'The MVP', ""No Frontin'"", 'Go Loco']",Notify
30,makeup,LIT Creamy Matte Lipstick Pack of 2,654,"1,190",5 ratings,https://www.myglamm.com/product/lit-creamy-matte-lipstick-pack-of-2-may-surv.html,412,Lip Makeup,Matte Lipstick,[],Notify
31,makeup,"Manish Malhotra Glitter Eyeliner - Hazel Spell (Brown Shade) | Long Lasting, Shimmer, Metallic, Glitter, Waterproof Eyeliner Pencil (1.2g)",639,799,4.9 ratings,https://www.myglamm.com/product/manish-malhotra-glitter-eyeliner-hazel-spell.html,325,Eye Makeup,Eyeliner,"['Hazel Spell', 'Jade Forest', 'Rose Dust', 'Dazzle', 'Twilight Purple', 'Black Moon', 'Galaxy Blue']",ADD TO BAG
32,makeup,"MyGlamm LIT Satin Matte Lipstick - Lust Stories (Berry Shade) | Long Lasting, 3D Matte Finish Lipstick With Intense Colour Payoff",445,495,4.9 ratings,https://www.myglamm.com/product/lit-satin-matte-lipstick-lust-stories.html,1641,Lip Makeup,Matte Lipstick,"['Lust Stories', 'KUWTK', 'Kissing Booth', 'The Affair', 'Two Broke Girls', 'Desperate Housewives', 'The Good Wife', 'Modern Family', 'Pretty Little Liars', 'Crazy Ex Girlfriends', 'Wild Wild Country', 'Russian Doll', 'Gossip Girl', 'Queen Of The South', 'Game Of Thrones', 'The Sinner']",ADD TO BAG
33,makeup,"MyGlamm LIT Nail Enamel - Daily Glamm - Say no More (Onion Pink Shade) | Chip Resistant, Long Lasting, High Shine Glossy Nail Polish (7ml)",130,,5 ratings,https://www.myglamm.com/product/lit-nail-enamel-say-no-more.html,1,Nail Makeup,Nail Polish,"['Say no More', 'Main Character', 'Boi Bye', 'Go Cray', 'Oh Fudge', 'Bold Digger', 'Hey Gurl', 'Babe']",ADD TO BAG
34,makeup,"POPxo Makeup - Dreamin Mini Nail Kit (Set of 5) | Long Lasting, Chip-Resistant, Glitter Mini Nail Polish Set (15ml x 5)",175,249,5 ratings,https://www.myglamm.com/product/popxo-makeup-dreamin-mini-nail-kit.html,1835,Nails, ,"[""Dreamin'"", 'Thrivin']",ADD TO BAG
35,makeup,"MyGlamm LIT Nail Enamel Remover | Quick Drying, One Swipe Formula, Acetone-Free Nail Enamel Remover with Green Tea, Olive Oil & Vitamin E",89,,4.9 ratings,https://www.myglamm.com/product/lit-nail-enamel-remover-30ml.html,150,Nails, ,[],Notify
36,makeup,"MyGlamm LIT Liquid Matte Pack of 2 + LIT Velvet Matte Pack of 1 (Exclusive Combo of 3)| Smudge-Proof, Hydrating Matte Lipstick",618,"1,125",5 ratings,https://www.myglamm.com/product/lit-liquid-matte-pack-of-2-lit-velvet-matte-pack-of-1-exclusive-combo.html,2,Lip Makeup,Liquid Lipstick,[],Notify
37,makeup,"MyGlamm LIT Liquid Matte Lipstick Set of 2 - Exclusive Combo | Long Lasting, Smudge-Proof, Hydrating Matte Lipstick Set (1.6ml x 2)",675,750,5 ratings,https://www.myglamm.com/product/lit-liquid-matte-lipstick-16ml-set-of-2-jun.html,19,Lip Makeup,Liquid Lipstick,[],Notify
38,makeup,"POPxo Makeup Mini Lip Kit - No Drama (Set of 3) | Creamy, Matte Finish, Highly Pigmented, Nude Shade Mini Lipsticks",272,349,5 ratings,https://www.myglamm.com/product/popxo-makeup-no-drama-3-color-mini-lipstick-set.html,3665,Lip Makeup,Lipstick set,"['No Drama', 'Berry Amor', 'Pretty Mess']",ADD TO BAG
39,makeup,Manish Malhotra 24h Kajal Eyeliner - Fierce Mystery,479,599,5 ratings,https://www.myglamm.com/product/manish-malhotra-24h-kajal-eyeliner-fierce-mystery.html,178,Eye Makeup,Kajal,"['Fierce Mystery', 'Plum Perfection', 'Emerald Spark', 'Sultry Sienna', 'Smokey Diamond', 'Starry Night']",ADD TO BAG
40,makeup,MyGlamm LIT 2 in 1 Liquid Matte Lipstick - Miss Independent,490,545,4.9 ratings,https://www.myglamm.com/product/lit-2-in-1-liquid-matte-lipstick-miss-independent.html,545,Lip Makeup,Liquid Lipstick,"['Miss Independent', 'Boss Babe', 'Overachiever', 'Hot Mama', 'Alpha Female', 'Social Butterfly', 'Flower Child', 'Heartbreaker', 'Firecracker', 'Funny Gurl', 'Uncensored', 'Stargazer']",ADD TO BAG
41,makeup,"POPxo Makeup Mini Lip Kit - Feelin' Peachy (Set of 3) | Creamy, Matte Finish, Highly Pigmented, Peach Shade Mini Lipsticks",279,349,5 ratings,https://www.myglamm.com/product/popxo-makeup-mini-lip-kit-feelin-peachy.html,63,Lip Makeup,Peach Lipstick,"[""Feelin' Peachy"", 'Power Trip', ' Left On Red']",ADD TO BAG
42,makeup,MyGlamm LIT Liquid Matte Lipstick Set of 2,513,790,5 ratings,https://www.myglamm.com/product/myglamm-lit-liquid-matte-lipstick-set-of-2.html,5,Lip Makeup,Lipstick Combos,[],Notify
43,makeup,Lipstick and Glossy Eyeliner Combo,700,,5 ratings,https://www.myglamm.com/product/lipstick-and-glossy-eyeliner-combo-par.html,1,Combo,Makeup Combo,[],Notify
44,makeup,POSE HD Foundation + LIT Velvet Matte Liquid Lipstick 1.6ml,974,,5 ratings,https://www.myglamm.com/product/pose-hd-foundation-lit-velvet-matte-liquid-lipstick-16ml.html,6,Lip Makeup, ,[],Notify
45,makeup,MyGlamm LIT Liquid Matte Lipstick + Velvet Matte Liquid Lipstick + Chromantic Metallic Nail Enamel Exclusive Combo,999,,5 ratings,https://www.myglamm.com/product/myglamm-lit-liquid-matte-lipstick-velvet-matte-liquid-lipstick-chromantic-metallic-nail-enamel-exclusive-combo.html,3,Combo,Makeup Combo,[],Notify
46,makeup,"Treasure IT Powder Matte Blush - Love (Pink Shade) | Long Lasting, Matte Finish Powder Blush with Vitamin E | For All Skin Colour (4g)",499,,5 ratings,https://www.myglamm.com/product/treasure-it-powder-matte-blush-love.html,48,Face Makeup,Blush,"['Love', 'Loyalty', 'Admire', 'Lust', 'Attraction', 'Passion']",ADD TO BAG
47,makeup,"Treasure IT Suede Matte Lipstick - Bold Love (Bright Coral Orange Shade) | Long Lasting, Non Drying Bullet Lipstick With Vitamin E, Cocoa Butter (4.2g)",549,,5 ratings,https://www.myglamm.com/product/treasure-it-suede-matte-lipstick-bold-love.html,95,Lip Makeup,Matte Lipstick,"['Bold Love', 'Love Blush', 'Flirt Phase', 'Date Night', 'Love Triangle', 'Love Amore', 'Smitten Kitten', 'First Crush', 'Cuddle Buddy', 'French Kiss']",ADD TO BAG
48,makeup,"MyGlamm Pure Love Sindoor - Royal Maroon (Maroon Shade) | Quick Dry, Long Lasting, Smudgeproof, Water-Resistant & Sweatproof Liquid Sindoor",145,,5 ratings,https://www.myglamm.com/product/pure-love-sindoor-royal-maroon.html,246,Face Makeup,Sindoor,"['Royal Maroon', 'Royal Red']",ADD TO BAG
49,makeup,"MyGlamm LIT Liquid Matte Lipstick - Pack of 4 Exclusive Combo | Long Lasting, Smudge-Proof, Hydrating Matte Lipstick Set (1.6ml x 4)",825,"1,500",5 ratings,https://www.myglamm.com/product/lit-liquid-matte-lipstick-1-6-ml-pack-of-4.html,7,Lip Makeup,Liquid Lipstick,[],Notify
50,makeup,"MyGlamm Super Lash Volumising Mascara (Black Shade) | Waterproof, Long Lasting, High Volumising, Curling Eye Mascara with Bubble Wand",399,449,5 ratings,https://www.myglamm.com/product/super-lash-volumising-mascara.html,8,Eye Makeup,Mascara,[],Notify
51,makeup,"MyGlamm Tinted Perfection Face Primer | Matte Finish, Lightwieght & Silky Base Transparent Face Primer & Pore Minimiser",766,"1,095",4.9 ratings,https://www.myglamm.com/product/tinted-perfection-face-primer.html,526,Face Makeup,Primer,"['Transparent', 'Banana']",ADD TO BAG
52,makeup,K.Play Flavoured Lipgloss Set Of 2,654,"1,190",5 ratings,https://www.myglamm.com/product/kplay-flavoured-lipgloss-set-of-2.html,8,Lip Makeup,Lip Gloss,[],Notify
53,makeup,"MyGlamm LIT Moist Matte Lipstick - Pink Glamm (Flamingo Pink Shade)| Long Lasting, Pigmented, Hydrating Lipstick with Moringa Oil and Vitamin E",299,,5 ratings,https://www.myglamm.com/product/lit-moist-matte-lipstick-pink-glamm.html,49,Lip Makeup,Matte Lipstick,"['Pink Glamm', 'Nude Buff', 'Brown Toffee', 'Wine Charm', 'Pink Crush', 'Red Rebel', 'Brown Exquisite', 'Pink Passion', 'Red Avenue', 'Purple Madness', 'Red Lady', 'Red Velvet', 'Brown Delight', 'Pink Heart', 'Red Tart', 'Coral Darling', 'Red Sensation', 'Pink Rose']",ADD TO BAG
54,makeup,"Manish Malhotra Hi-Shine Lipstick - Vintage Wine (Blackberry Shade) | Long Lasting, Creamy, UVB Protected with Satin, Shine, Matte Finish (4g)",560,799,4.9 ratings,https://www.myglamm.com/product/manish-malhotra-hi-shine-lipstick-vintage-wine.html,1868,Lip Makeup,Hi-Shine Lipstick,"['Vintage Wine', 'Barely Nude', 'Ruby Runway', 'Desert Suede', 'Almond Crème', 'French Praline', 'Regal Crimson', 'Fuchsia Fantasy', 'Velvet Rose', 'Old Rose', 'Moroccan Red', 'Rose Romance', 'Caramel Kiss', 'Wild Rose', 'English Rose', 'Mauve Struck', 'Berry WIne', 'Radiant Red', 'Sunset Sienna', 'Cocoa Love', 'Red Carpet', 'Autumn Spell']",ADD TO BAG
55,makeup,LIT Liquid Matte Lipstick Set of 2,513,790,5 ratings,https://www.myglamm.com/product/lit-liquid-matte-lipstick-set-of-2-199co-jun.html,1951,Lip Makeup,Lipstick Combos,[],Notify
56,makeup,MyGlamm LIT liquid Matte Liquid Lipstick,375,,5 ratings,https://www.myglamm.com/product/myglamm-lit-liquid-matte-liquid-lipstick.html,7,Lip Makeup,Liquid Lipstick,[],Notify
57,makeup,"MyGlamm Glow to Glamour Shimmer And Fixing Powder (2 in 1) | Enhanced Luminosity, Flawless Finish Loose Powder For All Skin Tone",836,"1,195",5 ratings,https://www.myglamm.com/product/glow-to-glamour.html,536,Face Makeup,Loose Powders & Fixers,[],Notify
58,makeup,"MyGlamm Exclusive Combo of POSE HD Lipstick + LIT Liquid Matte Lipstick| Long Lasting, Smudge Proof HD & Matte Liquid Lipsticks",974,,5 ratings,https://www.myglamm.com/product/pose-hd-lipstick-lit-liquid-matte-lipstick-exclusive-combo-par.html,3,Lip Makeup,Liquid Lipstick,[],Notify
59,makeup,"MyGlamm Pose HD Lipstick Pack of 2 | Long Lasting, Demi-Matte Finish HD Lipstick Combo With Moringa Oil & Vitamin E","1,078","1,198",5 ratings,https://www.myglamm.com/product/pose-hd-lipstick-pack-of-2-mg99-mar-surv.html,27,Lip Makeup,Lipsticks,[],Notify
60,makeup,Manish Malhotra Foundation- Warm Ivory,639,799,5 ratings,https://www.myglamm.com/product/manish-malhotra-skin-awakening-foundation-warm-ivory.html,273,Face Makeup,Foundation,"['Warm Ivory', 'Cool Mocha', 'Neutral Amber', 'Nude Beige', 'Warm Amber', 'Cool Amber', 'Sun Beige', 'Warm Mocha', 'Neutral Mocha', 'Neutral Ivory', 'Cool Ivory', 'Warm Beige', 'Warm Vanilla', 'Neutral Vanilla', 'Neutral Beige']",ADD TO BAG
61,makeup,"MyGlamm Vitamin C Foundation - Peach (Light Cool) | Long Lasting, Medium To Full Coverage Foundation With SPF 15 With Hyaluronic Acid (30g)",269,299,,https://www.myglamm.com/product/vitamin-c-foundation-peach.html,,Face Makeup,Foundation,"['Peach', 'Coffee', 'Oat', 'Honey']",Notify
62,makeup,"Manish Malhotra Precision Liquid Felt Tip Eyeliner - Blue Sapphire (Blue Shade)| Long Lasting, Water-resistant & non-transferable Eyeliner Pen",639,799,5 ratings,https://www.myglamm.com/product/manish-malhotra-precision-liquid-felt-tip-eyeliner-blue-sapphire.html,409,Eye Makeup,Eyeliner,"['Blue Sapphire', 'Jade Envy', 'Black Diamond', 'Bronzite']",ADD TO BAG
63,makeup,"POPxo Makeup - Hot Mess - 4 Eyeshadow Kit | Long Lasting, Pigmented, Matte Shade Eyeshadow Palette With Vitamin E",209,299,5 ratings,https://www.myglamm.com/product/popxo-makeup-hot-mess-4-shade-eyeshadow-palette-kit.html,797,Eye Makeup,Eyeshadow,"['Hot Mess', 'Send Noods', 'Drama Queen']",ADD TO BAG
64,makeup,Tinted Perfection Face Primer,602,"1,095",5 ratings,https://www.myglamm.com/product/tinted-perfection-face-primer-feb-gwp.html,79,Face Makeup,Primer,[],Notify
65,makeup,Manish Malhotra Mascara,623,799,4.9 ratings,https://www.myglamm.com/product/manish-malhotra-mascara.html,251,Eye Makeup,Mascara,[],Notify
66,makeup,MyGlamm Exclusive Combo of LIT Liquid Matte Lipstick + MyGlamm 10% Niacinamide Clarifying Serum | Transfer Proof Lipstick & Face Serum Enriched With Moringa,590,"1,074",5 ratings,https://www.myglamm.com/product/lit-liquid-matte-lipstick-myglamm-10-niacinamide-clarifying-serum-exclusive-combo-aug.html,4,Lip Makeup,Liquid Lipstick,[],Notify
67,makeup,MyGlamm Chromantic Metallic Nail Enamel + POSE HD Lipstick,551,848,5 ratings,https://www.myglamm.com/product/myglamm-chromantic-metallic-nail-enamel-pose-hd-lipstick.html,8,Nail Makeup,Nail Polish,[],Notify
68,makeup,"MyGlamm Ultimatte Long Stay Matte Lipstick - Vamp (Perfect Plum Shade) | Hydrating, Long Lasting, Transfer-Proof Lipstick With Vitamin E (1.3g)",549,,5 ratings,https://www.myglamm.com/product/myglamm-ultimatte-long-stay-matte-lipstick-vamp-perfect-plum-shade-hydrating-long-lasting-transfer-proof-lipstick-with-vitamin-e-13g.html,1279,Lip Makeup,Matte Lipstick,"['Vamp', 'Showgirl', 'Bombshell', 'Promiscuous', 'Cougar', 'Fiery', 'Goddess', 'Diva', 'Trophy', 'Risque', 'Vixen', 'Foxy']",ADD TO BAG
69,makeup,Manish Malhotra Precision Liquid Felt Tip Eyeliner - Blue Sapphire,530,799,5 ratings,https://www.myglamm.com/product/manish-malhotra-precision-liquid-felt-tip-eyeliner-blue-sapphire-gwp.html,1,Eye Makeup,Eyeliner,"['', '']",ADD TO BAG
70,makeup,"MyGlamm LIT Matte Eyeliner Pencil - Mood (Off-white Shade) | Hydrating, Water-resistant, Matte Finish Eyeliner Pencil",311,445,4.9 ratings,https://www.myglamm.com/product/lit-matte-eyeliner-pencil-mood.html,831,Eye Makeup,Eyeliner,"['Mood', 'On Fleek', 'Prom Night', 'Girl Crush', 'Slay', 'Yass', 'Wicked', 'Savage']",ADD TO BAG
71,makeup,MyGlamm 10% Niacinamide Clarifying Serum + St.Botanica Goji Berry Face Wash with Vitamin C,948,,5 ratings,https://www.myglamm.com/product/myglamm-10-niacinamide-clarifying-serum-stbotanica-goji-berry-face-wash-with-vitamin-c.html,2,Face Serum, ,[],Notify
72,makeup,LIT Velvet Matte Liquid Lipstick - Pack of 5 Exclusive Combo,"1,875",,,https://www.myglamm.com/product/lit-velvet-matte-liquid-lipstick-pack-of-5-exclusive-combo-rakhi.html,,Lip Makeup,Liquid Lipstick,[],Notify
73,makeup,LIT Velvet Matte Liquid Lipstick - Pack of 3 Exclusive Combo,618,"1,125",5 ratings,https://www.myglamm.com/product/lit-velvet-matte-liquid-lipstick-pack-of-3-exclusive-combo.html,24,Lip Makeup,Liquid Lipstick,[],Notify
74,makeup,MyGlamm Super Kohl Long Stay Kajal + LIT Velvet Matte Liquid Lipstick 1.6ml,574,,5 ratings,https://www.myglamm.com/product/myglamm-super-kohl-long-stay-kajal-lit-velvet-matte-liquid-lipstick-16ml.html,1,Combo,Makeup Combo,[],Notify
75,makeup,"MyGlamm Combo of POSE HD Lipstick + SUPERFOODS Color Pop Lip Balm | Long Lasting, Matte Finish Lipstick & Tinted Lip Balm With SPF 20, Avocado Butter",493,759,,https://www.myglamm.com/product/pose-hd-lipstick-superfoods-color-pop-lip-balm-jun-surv.html,,Lip Makeup,Lipsticks,[],Notify
76,makeup,"MyGlamm Combo of LIT Satin Matte Lipstick + Glossy Liquid Eyeliner |  Long-Wearing, Smooth Lipstick & Smudge-Proof,Upto 24Hrs Eyeliner",533,820,5 ratings,https://www.myglamm.com/product/lit-satin-matte-lipstick-glossy-liquid-eyeliner.html,1,Lip Makeup,Matte Lipstick,[],Notify
77,makeup,"MyGlamm LIT Liquid Matte Lipstick Set of 2 | Long-Lasting, Smudge-Proof, Transfer-Proof Liquid Matte Lipsticks",513,790,5 ratings,https://www.myglamm.com/product/lit-liquid-matte-lipstick-set-of-2-2022.html,5,Lip Makeup,Lipstick Combos,[],Notify
78,makeup,"Manish Malhotra Soft Matte Lipstick - Flirty Fuchsia (Hot Pink Shade) | Long Lasting, Hydrating, Moisturising, Matte Finish Creamy Lipstick",560,799,4.9 ratings,https://www.myglamm.com/product/manish-malhotra-soft-matte-lipstick-flirty-fuchsia.html,1003,Lip Makeup,Pink Lipstick,"['Flirty Fuchsia', 'Romantic Rouge', 'Candy Crush', 'Berry Fantasy', 'Pink Passion', 'Blush Rose', 'Poppy Pink', 'Lavender Dream', 'Sugar Almond', 'Eternal Rose', 'Cocoa Butter', 'Velvet Wine', 'Violet Dream']",ADD TO BAG
79,makeup,"MyGlamm Ultimatte Long-Stay Matte Liquid Lipstick - Mocha Icon (Brown Shade) | Long Lasting, Waterproof Liquid Lipstick",375,499,5 ratings,https://www.myglamm.com/product/utlimatte-long-stay-matte-liquid-lipstick-mocha-icon.html,835,Lip Makeup,Matte Lipstick,"['Mocha Icon', 'Berry Charmer', 'Cherry Hottie', 'Red Diva', 'Fuchsia Siren', 'Pink Stunner', 'Pink Doll', 'Coral Slayer', 'Plum Beauty', 'Crimson Starlet', 'Rose Belle', 'Scarlet Queen', 'Nude Bombshell', 'Wine Babe', 'Plum Goddess']",ADD TO BAG
80,makeup,"Total Makeover FF Cream Foundation Palette - Latte | 5 In 1 Face Palette With Spf 30 For Fair, Beige Or Light Complexions","1,087","1,450",4.9 ratings,https://www.myglamm.com/product/total-make-over-ff-cream-light.html,753,Face Makeup,Primer,"['Latte', 'Cappuccino', 'Cocoa', 'Hazelnut', 'Honey']",ADD TO BAG
81,makeup,"MyGlamm Super Duo Lipstick (2 in 1 Matte Lipstick + Liquid Lip Color) - Haute Plum (Plum Shade) | Long Lasting, Highly Pigmented (4.2g + 2.5ml)",449,499,4.9 ratings,https://www.myglamm.com/product/super-duo-lipstick-haute-plum.html,7,Lip Makeup,Lipsticks,"['Haute Plum', 'Naughty Red', 'Wicked Wine', 'Flirty Pink', 'Bare Pink', 'Spicy Nude']",ADD TO BAG
82,makeup,"MyGlamm LIT Matte Lipliner Pencil - Yeet (Dark Chocolate Shade) | Hydrating, Pigmented, Defining, Matte Finish Lip liner Pencil (1.14g)",311,445,4.9 ratings,https://www.myglamm.com/product/lit-matte-lipliner-pencil-yeet.html,405,Lip Makeup,Lip Liner,"['Yeet', 'Basic', 'Steez', 'Woke', 'E Girl', 'Vsco', 'Pretty Mess', 'Bae', 'Blended', 'Spoilt']",NOTIFY ME
83,makeup,"Combo of LIT Creamy Matte Lipstick + SUPERFOODS Color Pop Lip Balm | Long Lasting, Creamy, Matte Lipstick & Tinted SPF 20 Lip Balm ",490,755,5 ratings,https://www.myglamm.com/product/lit-creamy-matte-lipstick-superfoods-color-pop-lip-balm-jun-surv.html,3,Lip Makeup,Lipsticks,[],Notify
84,makeup,POPxo Makeup - InstaGlamm Face Kit,329,399,4.9 ratings,https://www.myglamm.com/product/popxo-makeup-instaglamm-face-makeup-essential-kit.html,513,Face Makeup,Face Sets,[],Notify
85,makeup,Treasure IT Powder Matte Blush Pack of 2,648,998,5 ratings,https://www.myglamm.com/product/treasure-it-powder-matte-blush-pack-of-2.html,1,Combo,Makeup Combo,[],Notify
86,makeup,LIT Liquid Matte Lipstick Pack of 2 Exclusive Combo,487,750,5 ratings,https://www.myglamm.com/product/lit-liquid-matte-lipstick-pack-of-2-exclusive-combo-sep.html,3,Lip Makeup,Liquid Lipstick,[],Notify
87,makeup,POSE HD Lipstick + MyGlamm 10% Niacinamide Clarifying Serum,"1,298",,5 ratings,https://www.myglamm.com/product/pose-hd-lipstick-myglamm-10-niacinamide-clarifying-serum-sept.html,5,Lip Makeup,Serum,[],Notify
88,makeup,Manish Malhotra Compact - Warm Creme,679,799,5 ratings,https://www.myglamm.com/product/manish-malhotra-skin-awakening-compact-warm-creme.html,129,Face Makeup,Compact,"['Warm Creme', 'Warm Sepia', 'Warm Bronze', 'Neutral Champagne', 'Warm Caramel', 'Neutral Honey']",NOTIFY ME
89,makeup,Stay Defined Liquid Eyeliner Brow Powder - Ebony & Walnut,985,"1,095",4.9 ratings,https://www.myglamm.com/product/stay-defined.html,215,Eye Makeup,Eyes Combo,"['Ebony  & Walnut', 'Nutmeg  & Espresso']",ADD TO BAG
90,makeup,MyGlamm Define It Lip Liner Pack of 2,658,"1,198",,https://www.myglamm.com/product/myglamm-define-it-lip-liner-pack-of-2-sep.html,,Lip Makeup,Lip Liner,[],Notify
91,makeup,Manish Malhotra Liquid Matte Lipstick - Strip tease,639,799,4.9 ratings,https://www.myglamm.com/product/manish-malhotra-liquid-matte-lipstick-strip-tease.html,828,Lip Makeup,Red Lipstick,"['Strip Tease', 'Rumor Has It', 'Wild Queen', 'Eyes On Me', 'Sugar Coral', 'Envy Me', 'Crazier Than Pink', 'Mess With Me', 'Night Aura', 'Caramel Quest', 'Barely There', 'Playfull Kiss', 'Muse', 'Sugar Rush', 'Talk To Me', 'Obsession']",ADD TO BAG
92,makeup,MyGlamm Chromantic Metallic Nail Enamel Pack of 3,485,747,5 ratings,https://www.myglamm.com/product/myglamm-chromantic-metallic-nail-enamel-pack-of-3.html,9,Nail Makeup,Nail Polish,[],Notify
93,makeup,"MyGlamm LIT Brow Definer Pencil (Brown Shade) | Long Lasting, Define & Sculpt Browliner Pencil",396,495,4.9 ratings,https://www.myglamm.com/product/lit-brow-definer-pencil.html,211,Eye Makeup,Eyebrow Pencil,[],Notify
94,makeup,Face Serum & Lipbalm Combo,299,859,,https://www.myglamm.com/product/myglamm-10-niacinamide-clarifying-serum-superfoods-color-pop-lip-balm.html,,Lip Makeup, ,[],Notify
95,makeup,"POPxo 12 Eyeshadow Kit - Vibe Check | Long Lasting, Pigmented, Eyeshadow Palette of Matte & Shimmer Shades with Vitamin E",314,449,5 ratings,https://www.myglamm.com/product/popxo-makeup-vibe-check-12-shade-eye-shadow-palette-kit.html,1002,Eye Makeup,Eyeshadow,"['Vibe Check', 'Nood Crew', 'Squad Goals']",ADD TO BAG
96,makeup,"MyGlamm POSE HD Bronzer Duo - Cinnamon | Teracotta (Brown Shade) | HD, Buildable Coverage, Matte Finish Blurring Bronzer",559,699,4.9 ratings,https://www.myglamm.com/product/pose-hd-bronzer-duo-cinnamon-teracotta.html,174,Face Makeup,Bronzer,[],Notify
97,makeup,"POPxo Liquid Eyeliner Kit - Eye Gotchu (Set of 3) | Smudge-proof, Long Lasting Black, Matte Finish Brown and Green Shade Liquid Eyeliners",359,449,5 ratings,https://www.myglamm.com/product/popxo-liquid-eyeliner-kit-eye-gotchu.html,129,Eye Makeup,Eyes Combo,"['Eye Gotchu', 'Issa Vibe']",ADD TO BAG
98,makeup,LIT Velvet Matte Lipstick Pack of 2 Exclusive Combo,675,750,5 ratings,https://www.myglamm.com/product/lit-velvet-matte-lipstick-pack-of-2-exclusive-combo.html,24,Lip Makeup,Liquid Lipstick,[],Notify
99,makeup,Manish Malhotra 9 in 1 Eyeshadow Palette - Rendezvous,799,999,5 ratings,https://www.myglamm.com/product/manish-malhotra-9-in-1-eyeshadow-palette-rendezvous.html,367,Eye Makeup,Eyeshadow,"['Rendezvous', 'Enchanté', 'Rêverie', 'Soirée']",ADD TO BAG
100,makeup,"MyGlamm Perfect Curves Matte Lip Crayon - Soleil (Bright Peach Orange Shade) | Moisturising, Long Lasting, Matte Crayon Lipstick With Argan Oil (3.7g) ",625,695,5 ratings,https://www.myglamm.com/product/perfect-curves-soleil.html,1781,Lip Makeup,Peach Lipstick,"['Soleil', 'Candy', 'Terra', 'Siren', 'Debutante', 'Cosmopolitan', 'Spice', 'Carnation', 'Passion', 'Ampere', 'Biscotti']",ADD TO BAG
101,makeup,LIT 2 in 1 Liquid Matte Lipstick +  Define It Lip Liner,629,"1,144",5 ratings,https://www.myglamm.com/product/lit-2-in-1-liquid-matte-lipstick-define-it-lip-liner-xo-jun.html,35,Lip Makeup,Liquid Lipstick,[],Notify
102,makeup,"Treat Love Care Brightening Foundation - Vivid | High Coverage, Luminous Finish, Liquid Foundation,Enriched With Vitamins for Medium Skin",486,749,4.9 ratings,https://www.myglamm.com/product/treat-love-care-brightening-foundation-vivid.html,323,Face Makeup,Foundation,"['Vivid', 'Brilliance', 'Radiance']",ADD TO BAG
103,makeup,Treasure IT Powder Matte Blush + LIT Liquid Matte Lipstick - Bold Beauty,874,,5 ratings,https://www.myglamm.com/product/treasure-it-powder-matte-blush-lit-liquid-matte-lipstick-bold-beauty.html,1,Combo,Makeup Combo,[],Notify
104,makeup,LIT Liquid Lipstick Matte Lipstick 1.6ml + K.Play Flavoured Lipgloss,630,970,5 ratings,https://www.myglamm.com/product/lit-liquid-lipstick-matte-lipstick-16ml-kplay-flavoured-lipgloss.html,2,Lip Makeup, ,[],Notify
105,makeup,"MyGlamm Magic Potion - Mermaid | Quick-drying, Long-lasting, Roll On Illuminator",646,995,4.9 ratings,https://www.myglamm.com/product/magic-potion-mermaid.html,169,Face Makeup,Highlighter,"['Mermaid', 'Unicorn']",ADD TO BAG
106,makeup,"MyGlamm Combo of LIT Creamy Matte Lipstick + POSE HD Lipstick | Long Lasting, Creamy, Demi-matte Finish Slim Lipstick & HD Lipstick",656,"1,194",5 ratings,https://www.myglamm.com/product/lit-creamy-matte-lipstick-pose-hd-lipstick-may-surv.html,1,Lip Makeup,Matte Lipstick,[],Notify
107,makeup,"POPxo Makeup Liquid Lipstick Kit - Glamm Squad (Set of 3)  | Long Lasting, Transfer-Proof, Matte Liquid Lipstick Kit With Vitamin E",349,499,5 ratings,https://www.myglamm.com/product/popxo-makeup-liquid-lipstick-kit-glamm-squad.html,111,Lip Makeup,Lip Kit,"['Glamm Squad', 'OG Crew', 'Homegirls']",ADD TO BAG
108,makeup,Liquid Lipstick & Kajal Combo,299,574,,https://www.myglamm.com/product/lit-liquid-matte-lipstick-16ml-super-kohl-long-stay-kajal-black.html,,Lip Makeup, ,[],Notify
109,makeup,LIT Creamy Matte Lipstick + Define It Lip Liner,656,"1,194",5 ratings,https://www.myglamm.com/product/lit-creamy-matte-lipstick-define-it-lip-liner-aug.html,1,Lip Makeup,Matte Lipstick,[],Notify
110,makeup,"MyGlamm Treat Love Care 24 HR Anti-Pollution Foundation - Filter | Long Lasting, High Coverage, Matte Finish Liquid Foundation Enriched With Soy",486,749,5 ratings,https://www.myglamm.com/product/treat-love-care-24-hr-anti-pollution-foundation-filter.html,152,Face Makeup,Foundation,"['Filter', 'Pure', 'Refine']",ADD TO BAG
111,makeup,"Manish Malhotra Soiree Creamy Matte Lipstick - Bliss (Brown Shade) | Long Lasting, Pigmented With SPF 30 & Vitamin E",799,,,https://www.myglamm.com/product/manish-malhotra-soiree-creamy-matte-lipstick-bliss.html,,Lip Makeup,Matte Lipstick,"['Bliss', 'Dreamy', 'Paradise', 'Amour', 'Empress', 'Rare', 'Vivacious', 'Mysterious']",Notify
112,makeup,"MyGlamm Treat Love Care Age Defying Foundation - Timeless | Anti-aging, Matte Finish, Instant blurring Liquid Foundation For Light Skin",561,749,5 ratings,https://www.myglamm.com/product/treat-love-care-age-defying-foundation-timeless.html,120,Face Makeup,Foundation,"['Timeless', 'Eternity', 'Revive']",ADD TO BAG
113,makeup,MyGlamm LIT XOXO Fragrance + LIT Liquid Matte Lipstick Exclusive Combo,500,770,4.7 ratings,https://www.myglamm.com/product/myglamm-lit-xoxo-fragrance-lit-liquid-matte-lipstick-exclusive-combo.html,3,Body Spray and Mists,Body Spray and Mists,[],Notify
114,makeup,MyGlamm Spotlight Illuminating Liquid - Stardust | Liquid Metal Finish Sheer Highlighter For Dewy Look,896,"1,195",4.9 ratings,https://www.myglamm.com/product/spotlight-stardust.html,309,Face Makeup,Highlighter,"['Stardust', 'Sunkissed', 'Rouge']",ADD TO BAG
115,makeup,MyGlamm LIT Liquid Matte Lipstick and LIT Creamy Matte Lipstick Exclusive Combo,623,970,5 ratings,https://www.myglamm.com/product/myglamm-lit-liquid-matte-lipstick-16ml-and-lit-creamy-matte-lipstick-jun.html,61,Lip Makeup,Liquid Lipstick,[],Notify
116,makeup,"Manish Malhotra Soiree Liquid Matte Lipstick - Caramel Quest (Brown Shade) | Long Lasting, Transfer-resistant With Vitamin E",799,,,https://www.myglamm.com/product/manish-malhotra-soiree-liquid-matte-lipstick-caramel-quest.html,,Lip Makeup,Matte Lipstick,"['Caramel Quest', 'Sugar Coral', 'Night Aura', 'Wild Queen', 'Sugar Rush', 'Muse', 'Ladies Night', 'Allure']",Notify
117,makeup,"MyGlamm Exclusive Combo of LIT Liquid Matte Lipstick + LIT Velvet Matte Liquid Lipstick | Long Lasting, Smudge-Proof, Hydrating Lipsticks",750,,5 ratings,https://www.myglamm.com/product/exclusive-combo-of-lit-liquid-matte-lipstick-lit-velvet-matte-liquid-lipstick-gwp-par.html,1,Lip Makeup,Liquid Lipstick,[],Notify
118,makeup,Tinted Perfection Brightening Banana Primer,602,"1,095",5 ratings,https://www.myglamm.com/product/tinted-perfection-brightening-banana-primer-feb-gwp.html,3,Face Makeup,Primer,[],Notify
119,makeup,Manish Malhotra Powder Matte Lipstick - Mauve Mood,639,799,5 ratings,https://www.myglamm.com/product/manish-malhotra-powder-matte-lipstick-mauve-mood.html,95,Lip Makeup,Matte Lipstick,"['Mauve Mood', 'Wild Violet', 'Pink Paradise', 'Nude Nuance', 'Autumn Allure', 'Pink Kink', 'Bohemian Queen', 'Desert Dream', 'Summer Sunset', 'Promiscuous Pink', 'Cocoa Addition', 'Scarlet Seduction']",ADD TO BAG
120,makeup,LIT Creamy Matte Lipstick & LIT Satin Matte Lipstick,599,"1,090",5 ratings,https://www.myglamm.com/product/lit-creamy-matte-lipstick-lit-satin-matte-lipstick-mar-surv.html,3,Lip Makeup,Lipsticks,[],Notify
121,makeup,Set of 2 Metallic Nail Paint,249,498,,https://www.myglamm.com/product/pack-of-2-chromantic-metallic-nail-enamel.html,,Combo,Makeup Combo,[],Notify
122,makeup,POSE HD & Liquid Lipstick Duo,633,974,,https://www.myglamm.com/product/pose-hd-lipstick-lit-liquid-matte-lipstick-16-ml.html,,Lip Makeup,Liquid Lipstick,[],Notify
123,makeup,LIT Velvet Matte Liquid Lipstick + MyGlamm 10% Niacinamide Clarifying Serum Exclusive Combo | Hydrating Lipstick & Anti-inflammatory Face Serum,590,"1,074",,https://www.myglamm.com/product/lit-velvet-matte-liquid-lipstick-myglamm-10-niacinamide-clarifying-serum-exclusive-combo-aug.html,,Lip Makeup,Serum,[],Notify
124,makeup,Manish Malhotra Beauty Lip Liner & Filler  - Blush Romance,639,799,5 ratings,https://www.myglamm.com/product/manish-malhotra-lip-liner-filler-blush-romance.html,132,Lip Makeup,Lip Liner,"['Blush Romance', 'Red Ruse', 'Cabernet Kiss', 'Fierce red', 'Mocha Magic']",ADD TO BAG
125,makeup,MyGlamm LIT Liquid Matte Lipstick and LIT Creamy Matte Lipstick | Moringa Oil Enriched Matte Lipstick & Long Lasting Creamy Lipstick,643,990,5 ratings,https://www.myglamm.com/product/myglamm-lit-liquid-matte-lipstick-and-lit-creamy-matte-lipstick-dec-survey.html,1,Lip Makeup,Lipsticks,[],Notify
126,makeup,"MyGlamm Combo of LIT Satin Matte Lipstick + LIT Creamy Matte Lipstick | Long Lasting, 3D, Smooth Lipstick & Long Lasting, Creamy Lipstick",599,"1,090",,https://www.myglamm.com/product/lit-satin-matte-lipstick-lit-creamy-matte-lipstick-aug.html,,Lip Makeup,Matte Lipstick,[],Notify
127,makeup,MyGlamm K.Play Flavoured Highlighter - Ripe Melon,580,645,4.9 ratings,https://www.myglamm.com/product/kplay-flavoured-highlighter-ripe-melon.html,279,Face Makeup,Highlighter,"['Ripe Melon', 'Pink Rose']",ADD TO BAG
128,makeup,Manish Malhotra Sundowner Soft Matte Mini Lipstick Duo,799,,5 ratings,https://www.myglamm.com/product/manish-malhotra-sundowner-soft-matte-mini-lipstick-duo.html,8,Lip Makeup,Matte Lipstick,[],Notify
129,makeup,"MyGlamm Wonder Glide Gel Eyeliner - Shadow (Black Shade) | Long Lasting, Water-resistant & Smudge-proof Retractable Eyeliner Pencil",499,,5 ratings,https://www.myglamm.com/product/wonder-glide-gel-eyeliner-shadow-black.html,58,Eye Makeup,Eyeliner,"['Shadow', 'Earth']",ADD TO BAG
130,makeup,MyGlamm Chromantic Metallic Nail Enamel Pack of 2 + Nail Enamel Remover,440,587,5 ratings,https://www.myglamm.com/product/myglamm-chromantic-metallic-nail-enamel-pack-of-2-nail-enamel-remover.html,3,Nails, ,[],Notify
131,makeup,POSE HD Lipstick + LIT Liquid Matte Lipstick,646,994,5 ratings,https://www.myglamm.com/product/pose-hd-lipstick-lit-liquid-matte-lipstick-mg99-mar-surv.html,1,Lip Makeup,Liquid Lipstick,[],Notify
132,makeup,MyGlamm Two of your kind Nail Enamel,236,295,5 ratings,https://www.myglamm.com/product/myglamm-two-of-your-kind-nail-enamel-xo-dec-survey.html,10,Nail Makeup,Nail Polish Sets,[],Notify
133,makeup,MyGlamm Chromantic Metallic Nail Enamel Pack of 2 + LIT Liquid Matte Lipstick Exclusive Combo,567,873,5 ratings,https://www.myglamm.com/product/myglamm-chromantic-metallic-nail-enamel-pack-of-2-lit-liquid-matte-lipstick-exclusive-combo.html,2,Nail Makeup,Nail Polish,[],Notify
134,makeup,"POPxo Makeup - Hot Damn! - Face & Eye Kit | 4-in-1 Makeup Kit Includes Blush, Highlighter, Setting Powder & Eyeshadow Palette",413,459,4.9 ratings,https://www.myglamm.com/product/popxo-makeup-hot-damn-face-and-eye-makeup-essential-kit.html,317,Face Makeup,Kits,"['Hot Damm!', 'Rise & Shine']",ADD TO BAG
135,makeup,"LIT Creamy Matte Lipstick + Two of Your Kind Nail Enamel | Long Lasting,Matte Finish Lipstick & Gel Finish Nail Polish Set",578,890,5 ratings,https://www.myglamm.com/product/lit-creamy-matte-lipstick-two-of-your-kind-nail-enamel-xo-aug.html,11,Lip Makeup,Nail Polish Sets,[],Notify
136,makeup,Super Serum Foundation,454,699,5 ratings,https://www.myglamm.com/product/super-serum-foundation.html,2,Face Makeup,Foundation,[],Notify
137,makeup,MyGlamm LIT Liquid Matte Lipstick - R.E.M,316,395,,https://www.myglamm.com/product/lit-liquid-matte-lipstick-rem.html,,Lip Makeup,Liquid Lipstick,"['R.E.M', 'Swipe Right', 'Ghosted', 'DTF', 'Sketch', 'Taboo', 'IMO']",Notify
138,makeup,"Treat Love Care Oil Control Foundation - Renew (Light to Medium Skin) | Liquid Foundation With Buildable Coverage, Mandarin And Palmetto Extracts",486,749,5 ratings,https://www.myglamm.com/product/treat-love-care-oil-control-foundation-renew.html,158,Face Makeup,Foundation,"['Renew', 'Restore', 'Refresh']",ADD TO BAG
139,makeup,"MyGlamm Combo of 2 LIT Creamy Matte Lipstick | Long Lasting, Creamy, Non-Greasy Texture, Demi-Matte Finish Slim Lipsticks",654,"1,190",5 ratings,https://www.myglamm.com/product/combo-of-2-myglamm-lit-creamy-matte-lipstick-prt.html,2,Lip Makeup,Lipsticks,[],Notify
140,makeup,LIT 2 in 1 Liquid Matte Lipstick + Two of Your Kind,546,840,5 ratings,https://www.myglamm.com/product/lit-2-in-1-liquid-matte-lipstick-two-of-your-kind-xo-jun.html,6,Lip Makeup,Liquid Lipstick,[],Notify
141,makeup,LIT Creamy Matte Lipstick + Glossy Liquid Eyeliner,598,920,5 ratings,https://www.myglamm.com/product/lit-creamy-matte-lipstick-glossy-liquid-eyeliner.html,1,Lip Makeup,Eyeliner,[],Notify
142,makeup,MyGlamm Super Serum BB Cream 15g + LIT Creamy Matte Lipstick,548,844,5 ratings,https://www.myglamm.com/product/myglamm-super-serum-bb-cream-15g-lit-creamy-matte-lipstick-oct.html,2,Face Makeup,Foundation,[],Notify
143,makeup,MyGlamm LIT Glossy Liquid Eyeliner Offer,260,325,5 ratings,https://www.myglamm.com/product/myglamm-lit-glossy-liquid-eyeliner-jan-survey.html,10,Eye Makeup,Eyeliner,[],Notify
144,makeup,Unlimited Lipstick for Lifetime,400,,5 ratings,https://www.myglamm.com/product/unlimited-lipstick-for-lifetime.html,45,Combo,Makeup Combo,[],Notify
145,makeup,Wheelie Liquid Eyeliner,671,895,4.9 ratings,https://www.myglamm.com/product/wheelie.html,283,Eye Makeup,Eyeliner,[],Notify
146,makeup,"MyGlamm Combo of Chromantic Metallic Nail Enamel + Nail Enamel Remover | Chrome Finish, Long Lasting Nail Polish & Acetone-Free Nail Paint Remover",270,338,,https://www.myglamm.com/product/myglamm-chromantic-metallic-nail-enamel-nail-enamel-remover.html,,Nails, ,[],Notify
147,makeup,MyGlamm Treasure IT Suede Matte Lipstick Pack of 2,603,"1,098",4.9 ratings,https://www.myglamm.com/product/myglamm-treasure-it-suede-matte-lipstick-pack-of-2.html,18,Lip Makeup,Matte Lipstick,[],Notify
148,makeup,LIT Liquid Matte Lipstick Set Of 3,651,"1,185",5 ratings,https://www.myglamm.com/product/lit-liquid-matte-lipstick-set-of-3.html,399,Lip Makeup,Lipstick Combos,[],Notify
149,hair-care,"Oriental Botanics Bhringraj & Amla Hair Mask, 200ml",384,549,5 ratings,https://www.myglamm.com/product/oriental-botanics-bhringraj-amla-hair-mask-200ml.html,4,Bath & Shower,Hair Mask,[],Notify
150,hair-care,"St.Botanica Moroccan Argan Hair Serum, 120ml",524,749,5 ratings,https://www.myglamm.com/product/stbotanica-moroccan-argan-hair-serum-120ml.html,5,Face Serum, ,[],Notify
151,hair-care,"Exotic Nourishment - Shampoo, Conditioner & Hair Mask Combo",768,"1,397",5 ratings,https://www.myglamm.com/product/exotic-nourishment-shampoo-conditioner-hair-mask-combo.html,8,Rituals & Combos, ,[],Notify
152,hair-care,MyGlamm 10% Niacinamide Clarifying Serum + St.Botanica Pro Keratin & Argan Oil Hair Serum 120ml,823,"1,498",5 ratings,https://www.myglamm.com/product/myglamm-10-niacinamide-clarifying-serum-stbotanica-pro-keratin-argan-oil-hair-serum-120ml-xo-jul.html,11,Face Serum, ,[],Notify
153,hair-care,BabyChakra Natural Foaming Wash & Shampoo 200ml,174,249,5 ratings,https://www.myglamm.com/product/babychakra-natural-foaming-wash-shampoo-200ml.html,4,Hair Shampoo, ,[],Notify
154,hair-care,"St.Botanica Pro Keratin & Argan Oil Smooth Therapy Spray, 200ml",349,499,5 ratings,https://www.myglamm.com/product/stbotanica-pro-keratin-argan-oil-smooth-therapy-spray-200ml.html,8,Hair Spray, ,[],Notify
155,hair-care,"MyGlamm 10% Niacinamide Clarifying Serum + Oriental Botanics Bhringraj & Amla Hair Mask, 200ml",686,"1,248",5 ratings,https://www.myglamm.com/product/myglamm-10-niacinamide-clarifying-serum-oriental-botanics-bhringraj-amla-hair-mask-200ml.html,1,Face Serum,Hair Mask,[],Notify
156,hair-care,"St.Botanica Pro Keratin & Argan Oil Smooth Therapy Shampoo, 300ml",419,599,4.9 ratings,https://www.myglamm.com/product/stbotanica-pro-keratin-argan-oil-smooth-therapy-shampoo-300ml.html,8,Hair Shampoo, ,[],Notify
157,hair-care,"Oriental Botanics Bhringraj & Amla Hair Oil With Comb Applicator, 100ml",279,399,4.9 ratings,https://www.myglamm.com/product/oriental-botanics-bhringraj-amla-hair-oil-with-comb-applicator-100ml.html,8,Bath & Shower,Hair Oil,[],Notify
158,hair-care,MyGlamm SUPERFOODS Onion & Moringa Serum - 100ml,279,399,5 ratings,https://www.myglamm.com/product/myglamm-superfoods-onion-moringa-serum.html,214,Bath & Shower,Serum,[],Notify
159,hair-care,"St.Botanica Pro Keratin & Argan Oil Smooth Therapy Spray, 200ml + Oriental Botanics Bhringraj & Amla Hair Mask, 200ml ","1,048",,,https://www.myglamm.com/product/stbotanica-pro-keratin-argan-oil-smooth-therapy-spray-200ml-oriental-botanics-bhringraj-amla-hair-mask-200ml.html,,Hair Spray,Hair Mask,[],WRITE A REVIEW
160,hair-care,"St.Botanica Vitamin C 20%, E & Hyaluronic Acid Face Serum, 20ml + Oriental Botanics Bhringraj & Amla Hair Mask, 200ml","1,248",,,https://www.myglamm.com/product/stbotanica-vitamin-c-20-e-hyaluronic-acid-face-serum-20ml-oriental-botanics-bhringraj-amla-hair-mask-200ml.html,,Sunscreen,Hair Mask,[],WRITE A REVIEW
161,hair-care,Onion Nourishment - Shampoo & Conditioner Combo,448,598,5 ratings,https://www.myglamm.com/product/onion-nourishment-shampoo-conditioner-combo-2022.html,164,Rituals & Combos, ,[],Notify
162,hair-care,,,,,https://www.myglamm.com/product/superfoods-cacao-coffee-coconut-shampoo.html,, , ,[],Notify
163,hair-care,"MyGlamm SUPERFOODS Cacao, Coconut & Coffee Shampoo - 200ml",259,399,5 ratings,https://www.myglamm.com/product/babychakra-moisturizing-baby-wash-moisturizing-natural-baby-sunscreen-60gm-natural-foaming-wash-shampoo-200ml.html,83,Bath & Shower,Shampoo,[],Notify
164,hair-care,St.Botanica Pro Keratin & Argan Oil Hair Serum 120ml,559,799,5 ratings,https://www.myglamm.com/product/stbotanica-pro-keratin-argan-oil-hair-serum-120ml.html,3,Hair Serum, ,[],Notify
165,bath-and-body,MyGlamm LIT XOXO Fragrance - Flirty Perfume - 25ml,355,395,5 ratings,https://www.myglamm.com/product/lit-xoxo-fragrance-flirty-perfume.html,388,Body Spray and Mists,Body Spray and Mists,"['Flirty', 'Dreamy', 'Feisty', 'Spicy', 'Sassy']",ADD TO BAG
166,bath-and-body,MyGlamm LIT XOXO Fragrance + LIT Liquid Matte Lipstick Exclusive Combo,500,770,4.7 ratings,https://www.myglamm.com/product/myglamm-lit-xoxo-fragrance-lit-liquid-matte-lipstick-exclusive-combo.html,3,Body Spray and Mists,Body Spray and Mists,[],Notify
167,bath-and-body,GLOW Iridescent Brightening Body Lotion,602,"1,095",5 ratings,https://www.myglamm.com/product/glow-iridescent-brightening-body-lotion.html,140,Body Lotion,Body Lotion,[],Notify
168,bath-and-body,,,,,https://www.myglamm.com/product/wipeout-germ-killing-hand-cream.html,, , ,[],Notify
169,bath-and-body,MyGlamm WIPEOUT Germ Killing Body Wash ,199,,5 ratings,https://www.myglamm.com/product/wipeout-germ-killing-body-wash.html,150,Shower Gels,Shower Gels,[],Notify
170,bath-and-body,MyGlamm Wipeout Germ Killing Face Wash - Rose & Honey,119,,4.9 ratings,https://www.myglamm.com/product/wipeout-germ-killing-rose-honey-face-wash.html,290,Cleansing Products,Face Wash,[],Notify
171,bath-and-body,,,,,https://www.myglamm.com/product/wipeout-germ-killing-soap.html,, , ,[],NOTIFY ME
172,bath-and-body,MyGlamm WIPEOUT Germ Killing Soap  - 75g,69,,5 ratings,https://www.myglamm.com/product/stbotanica-goji-berry-body-wash-with-vitamin-c-for-glowing-skin.html,321,Soaps,Soaps,"['Tea Tree Oil', 'Lavender & Neem', 'Rose & Honey']",NOTIFY ME
173,bath-and-body,MyGlamm WIPEOUT Germ Killing Foot Cream  - 60g,149,,4.9 ratings,https://www.myglamm.com/product/wipeout-germ-killing-foot-cream.html,76,Foot Cream, ,[],Notify
174,bath-and-body,MyGlamm LIT XOXO Fragrance - Dreamy Perfume - 25ml,355,395,5 ratings,https://www.myglamm.com/product/lit-xoxo-fragrance-dreamy-perfume-valentine-day-special.html,388,Body Spray and Mists,Body Spray and Mists,"['Dreamy', 'Flirty', 'Feisty', 'Spicy', 'Sassy']",ADD TO BAG
175,bath-and-body,Pro Protection - Face wash & Body wash Combo,254,318,5 ratings,https://www.myglamm.com/product/pro-protection-face-wash-body-wash-combo.html,9,Sanitizing Kits,Sanitizing-Kits,[],Notify
176,bath-and-body,MyGlamm SUPERFOODS Watermelon & Aloe Body Wash 300ml,244,349,4.9 ratings,https://www.myglamm.com/product/superfoods-watermelon-aloe-vera-body-wash.html,74,Shower Gels,Shower Gels,[],Notify
177,bath-and-body,,,,,https://www.myglamm.com/product/wipeout-germ-killing-face-wash.html,, , ,[],Notify
178,bath-and-body,MyGlamm SUPERFOODS Onion & Moringa Conditioner - 200ml,194,299,4.9 ratings,https://www.myglamm.com/product/myglamm-superfoods-onion-moringa-conditioner.html,199,Shower Gels, ,[],Notify
179,bath-and-body,,,,,https://www.myglamm.com/product/myglamm-superfoods-onion-moringa-serum.html,, , ,[],WRITE A REVIEW
180,bath-and-body,MyGlamm Wipeout Germ Killing Face Wash - Lavender & Neem,119,,4.9 ratings,https://www.myglamm.com/product/wipeout-germ-killing-face-wash-lavender-neem.html,277,Cleansing Products,Face Wash,[],Notify
181,bath-and-body,MyGlamm SUPERFOODS Mangosteen & Avocado Hair Mask 50g,499,,5 ratings,https://www.myglamm.com/product/superfoods-mangosteen-avocado-hair-mask.html,59,Shower Gels, ,[],Notify
182,bath-and-body,MyGlamm SUPERFOODS Passion Fruit & Rosemary Shampoo 300ml,374,499,5 ratings,https://www.myglamm.com/product/superfoods-passion-fruit-rosemary-shampoo.html,31,Shower Gels, ,[],Notify
183,bath-and-body,MyGlamm Wipeout Germ Killing Body Wash - Lavender & Neem,269,299,4.9 ratings,https://www.myglamm.com/product/wipeout-germ-killing-body-wash-lavender-neem.html,155,Shower Gels,Shower Gels,[],Notify
184,bath-and-body,MyGlamm SUPERFOODS Passion Fruit & Olive Conditioner 150ml,339,399,4.9 ratings,https://www.myglamm.com/product/superfoods-passion-fruit-olive-conditioner.html,57,Shower Gels, ,[],Notify
185,bath-and-body,Pristine Day - Face Wash & Body Wash Combo,188,,5 ratings,https://www.myglamm.com/product/pristine-day-face-wash-body-wash-combo.html,25,Kits, ,[],Notify
186,bath-and-body,MyGlamm SUPERFOODS Onion & Moringa Shampoo - 200ml,254,299,4.9 ratings,https://www.myglamm.com/product/myglamm-superfoods-onion-moringa-shampoo.html,657,Shower Gels, ,[],Notify
187,bath-and-body,MyGlamm WIPEOUT Germ Killing Body Spray - 40ml,149,,4.9 ratings,https://www.myglamm.com/product/wipeout-germ-killing-body-spray.html,130,Body Spray and Mists,Body Spray and Mists,[],Notify
188,bath-and-body,"Oriental Botanics Aloe vera, Green Tea & Cucumber Body Wash / Shower Gel, 250ml",244,349,5 ratings,https://www.myglamm.com/product/oriental-botanics-aloe-vera-green-tea-cucumber-body-wash-shower-gel-250ml.html,12,Shower Gels,Shower Gels,[],Notify
189,bath-and-body,MyGlamm SUPERFOODS Cacao & Berries Shower Gel - 300ml,339,399,5 ratings,https://www.myglamm.com/product/superfoods-cacao-berries-shower-gel.html,55, , ,[],Notify
190,bath-and-body,MyGlamm SUPERFOODS Onion & Moringa Hair Oil - 100ml ,296,349,4.9 ratings,https://www.myglamm.com/product/myglamm-superfoods-onion-moringa-hair-oil.html,313,Shower Gels, ,[],Notify
191,bath-and-body,Wipeout Germ Killing Hand Wash - Tea Tree - 200ml,149,,5 ratings,https://www.myglamm.com/product/wipeout-germ-killing-hand-wash-tea-tree.html,25,Hand Wash, ,[],Notify
192,bath-and-body,,,,,https://www.myglamm.com/product/stbotanica-goji-berry-body-wash-with-vitamin-c-for-glowing-skin-myglamm-10-niacinamide-clarifying-serum.html,, , ,[],Notify
193,bath-and-body,"St.Botanica Bulgarian Rose Otto Glow Body Wash / Shower Gel, 250 ml",314,449,5 ratings,https://www.myglamm.com/product/stbotanica-bulgarian-rose-otto-glow-body-wash-shower-gel-250-ml.html,4,Shower Gels,Shower Gels,[],Notify
194,skincare,"POPxo De-Tan Jam Instant Brightening Yoghurt Sheet Mask | With Niacinamide, Hyaluronic Acid For Moisturising, Brightening & Wrinkle Reduction",99,,4.9 ratings,https://www.myglamm.com/product/popxo-detan-jam-instant-brightening-yoghurt-sheet-mask.html,241,Masks,Sheet Mask,"['De-Tan Jam Instant Brightening Yoghurt', 'Fresh Start Deep Moisturising Cucumber', 'SunDowner Soothing Chamomile']",ADD TO BAG
195,skincare,MyGlamm 10% Niacinamide Clarifying Serum Enriched With Moringa & Tiger Grass for Reducing Face Blemishes (30g),699,,5 ratings,https://www.myglamm.com/product/myglamm-10-niacinamide-clarifying-serum-enriched-with-moringa-tiger-grass.html,363,Face Serum,Serum,[],Notify
196,skincare,"POPxo Glow Goals Illuminating Sunscreen SPF 30 PA+++| Non-sticky  3 in 1 - Sunscreen, Highlighter & Primer For Sun-chasers (30g)",262,349,5 ratings,https://www.myglamm.com/product/popxo-glow-goals-illuminating-sunscreen-spf-30.html,56,Sunscreen, ,[],Notify
197,skincare,MyGlamm Vitamin C Lumi Cream 30g,249,299,5 ratings,https://www.myglamm.com/product/vitamin-c-lumi-cream.html,12,Moisturiser, ,[],Notify
198,skincare,MyGlamm Niacinamide Serum Pack of 2 | Anti-inflammatory Face Serum Enriched With Moringa & Tiger Grass for Reducing Face Blemishes (30g x 2),769,"1,398",5 ratings,https://www.myglamm.com/product/niacinamide-serum-pack-of-2.html,5,Face Serum,Serum,[],Notify
199,skincare,POPxo Sheet Mask Pack of 2,198,,4.9 ratings,https://www.myglamm.com/product/popxo-sheet-mask-pack-of-2-99xo-feb.html,38,Masks,Sheet Mask,[],Notify
200,skincare,POPxo First Kiss Lip Balm SPF 15 | Enriched with Vitamin E and Shea Butter For Dry & Chapped Lips,129,,5 ratings,https://www.myglamm.com/product/popxo-first-kiss-lip-balm-spf-15.html,188,Sunscreen, ,[],Notify
201,skincare,St.Botanica Goji Berry Face Wash with Vitamin C,249,,5 ratings,https://www.myglamm.com/product/stbotanica-goji-berry-face-wash-with-vitamin-c.html,2,Face Care, ,[],Notify
202,skincare,MyGlamm Exclusive Combo of LIT Liquid Matte Lipstick + MyGlamm 10% Niacinamide Clarifying Serum | Transfer Proof Lipstick & Face Serum Enriched With Moringa,590,"1,074",5 ratings,https://www.myglamm.com/product/lit-liquid-matte-lipstick-myglamm-10-niacinamide-clarifying-serum-exclusive-combo-aug.html,4,Lip Makeup,Liquid Lipstick,[],Notify
203,skincare,MyGlamm 10% Niacinamide Clarifying Serum + St.Botanica Goji Berry Face Wash with Vitamin C,948,,5 ratings,https://www.myglamm.com/product/myglamm-10-niacinamide-clarifying-serum-stbotanica-goji-berry-face-wash-with-vitamin-c.html,2,Face Serum, ,[],Notify
204,skincare,POSE HD Lipstick + MyGlamm 10% Niacinamide Clarifying Serum,"1,298",,5 ratings,https://www.myglamm.com/product/pose-hd-lipstick-myglamm-10-niacinamide-clarifying-serum-sept.html,5,Lip Makeup,Serum,[],Notify
205,skincare,MyGlamm 15% Vitamin C Brightening Serum enriched with Pomegranate and Licorice,599,799,5 ratings,https://www.myglamm.com/product/myglamm-15-vitamin-c-brightening-serum-enriched-with-pomegranate-and-licorice.html,248,Face Serum,Serum,[],Notify
206,skincare,Face Serum & Lipbalm Combo,299,859,,https://www.myglamm.com/product/myglamm-10-niacinamide-clarifying-serum-superfoods-color-pop-lip-balm.html,,Lip Makeup, ,[],Notify
207,skincare,,,,,https://www.myglamm.com/product/stbotanica-b3-niacinamide-5-hyaluronic-acid-5-professional-face-serum-20ml.html,, , ,[],Notify
208,skincare,"St.Botanica Goji Berry Face Wash with Vitamin C + St.Botanica Goji Berry Clay Mask with Vitamin C, For Glowing Skin",486,748,5 ratings,https://www.myglamm.com/product/stbotanica-goji-berry-face-wash-with-vitamin-c-stbotanica-goji-berry-clay-mask-with-vitamin-c-for-glowing-skin.html,2,Face Care, ,[],Notify
209,skincare,POPxo Beach Bum Multi-use Sunscreen Spray SPF 50 PA+++ 50ml,349,,5 ratings,https://www.myglamm.com/product/popxo-beach-bum-ultra-light-sunscreen-spray-spf-50.html,89,Sunscreen, ,[],Notify
210,skincare,St.Botanica Goji Berry Sunscreen Serum SPF50 PA+++,349,499,5 ratings,https://www.myglamm.com/product/stbotanica-goji-berry-sunscreen-serum-spf50-pa.html,1,Sunscreen, ,[],Notify
211,skincare,"St.Botanica Vitamin C SPF 30 Sunscreen Mineral Based & Water Resistant, 120ml",454,649,5 ratings,https://www.myglamm.com/product/stbotanica-vitamin-c-spf-30-sunscreen-mineral-based-water-resistant-120ml.html,8,Sunscreen, ,[],Notify
212,skincare,POPxo Selfie-Ready Tinted Sunscreen SPF 50 PA+++ 30g,399,499,4.9 ratings,https://www.myglamm.com/product/popxo-selfie-ready-tinted-sunscreen-spf-50.html,31,Sunscreen, ,[],Notify
213,skincare,,,,,https://www.myglamm.com/product/stbotanica-hyaluronic-acid-vitamin-c-e-face-serum-20ml.html,, , ,[],Notify
214,skincare,LIT Velvet Matte Liquid Lipstick + MyGlamm 10% Niacinamide Clarifying Serum Exclusive Combo | Hydrating Lipstick & Anti-inflammatory Face Serum,590,"1,074",,https://www.myglamm.com/product/lit-velvet-matte-liquid-lipstick-myglamm-10-niacinamide-clarifying-serum-exclusive-combo-aug.html,,Lip Makeup,Serum,[],Notify
215,skincare,"St.Botanica Goji Berry Face Serum with Vitamin C, For Glowing Skin",419,599,5 ratings,https://www.myglamm.com/product/stbotanica-goji-berry-face-serum-with-vitamin-c-for-glowing-skin.html,4,Face Serum, ,[],Notify
216,skincare,"St.Botanica B3 Niacinamide 5% + Hyaluronic Acid 5% Professional Face Serum, 20ml + LIT Liquid Matte Lipstick - Bold Beauty",894,,,https://www.myglamm.com/product/stbotanica-b3-niacinamide-5-hyaluronic-acid-5-professional-face-serum-20ml-lit-liquid-matte-lipstick-bold-beauty.html,,Face Serum,Liquid Lipstick,[],Notify
217,skincare,POPxo Sun Glaze Ultra-light Body Oil  SPF 30 PA +++ 50ml,274,499,5 ratings,https://www.myglamm.com/product/popxo-sun-glaze-ultra-light-body-oil-spf-30.html,8,Sunscreen, ,[],Notify
218,skincare,POPxo Sheet mask pack of 2 And Gift Card Worth ₹ 400,299,598,,https://www.myglamm.com/product/popxo-sheet-mask-pack-of-2-and-gift-card-worth-400.html,,Masks,Sheet Mask,[],Notify
219,skincare,POPxo Sun Soother After Sun Lotion 30g,296,349,5 ratings,https://www.myglamm.com/product/popxo-sun-soother-after-sun-lotion.html,40,Sunscreen, ,[],Notify
220,skincare,MyGlamm 10% Niacinamide Clarifying Serum + LIT Creamy Matte Lipstick,"1,294",,,https://www.myglamm.com/product/myglamm-10-niacinamide-clarifying-serum-lit-creamy-matte-lipstick.html,,Lip Makeup,Serum,[],Notify
221,skincare,LIT Creamy Matte Lipstick + MyGlamm 10% Niacinamide Clarifying Serum,"1,294",,,https://www.myglamm.com/product/lit-creamy-matte-lipstick-myglamm-10-niacinamide-clarifying-serum.html,,Lip Makeup,Serum,[],Notify
222,skincare,POPxo Makeup - Mini Lip Kit + First Kiss Lip Balm SPF 15,358,478,,https://www.myglamm.com/product/popxo-makeup-mini-lip-kit-first-kiss-lip-balm-spf-15.html,,Sunscreen, ,[],Notify
223,skincare,POPxo Sheet Mask + POPxo Eyeshadow Kit,318,398,5 ratings,https://www.myglamm.com/product/popxo-sheet-mask-popxo-eyeshadow-kit-199x0-jul.html,12,Eye Makeup,Sheet Mask,[],Notify
224,skincare,MyGlamm 10% Niacinamide Clarifying Serum + LIT Liquid Matte Lipstick Exclusive Combo,"1,074",,5 ratings,https://www.myglamm.com/product/myglamm-10-niacinamide-clarifying-serum-lit-liquid-matte-lipstick-exclusive-combo-part.html,1,Lip Makeup,Liquid Lipstick,[],Notify
225,skincare,"St.Botanica Vitamin C 20%, E & Hyaluronic Acid Face Serum, 20ml + LIT Liquid Matte Lipstick Exclusive Combo",590,"1,074",5 ratings,https://www.myglamm.com/product/stbotanica-vitamin-c-20-e-hyaluronic-acid-face-serum-20ml-lit-liquid-matte-lipstick-exclusive-combo.html,1,Lip Makeup,Liquid Lipstick,[],Notify
226,skincare,MyGlamm 10% Niacinamide Clarifying Serum + LIT Liquid Matte Lipstick - Bold Beauty,"1,094",,5 ratings,https://www.myglamm.com/product/myglamm-10-niacinamide-clarifying-serum-lit-liquid-matte-lipstick-bold-beauty.html,1,Face Serum,Serum,[],Notify
227,skincare,Combo of POPxo Illuminating Sunscreen + Gift Card Worth Rs. 400,749,,5 ratings,https://www.myglamm.com/product/popxo-glow-goals-illuminating-sunscreen-spf-30-pa-gift-card-worth-rs-400-part.html,1,Sunscreen, ,[],Notify
228,skincare,Combo of POPxo Makeup Mini Nail Kit + POPxo Illuminating Sunscreen + Gift Card,499,"1,048",5 ratings,https://www.myglamm.com/product/popxo-makeup-dreamin-mini-nail-kit-popxo-glow-goals-illuminating-sunscreen-spf-30-pa-part.html,29,Sunscreen, ,[],Notify
229,skincare,Combo of 2 POPxo Glow Goals Illuminating Sunscreen SPF 30 PA+++ 30g,698,,5 ratings,https://www.myglamm.com/product/combo-of-2-popxo-glow-goals-illuminating-sunscreen-spf-30-pa-30g-part.html,3,Sunscreen, ,[],Notify
230,skincare,BB cream & Sheet Mask Combo,348,,,https://www.myglamm.com/product/myglamm-super-serum-bb-cream-15g-popxo-sheet-mask.html,,Face Makeup,Foundation,[],Notify
231,skincare,MyGlamm 10% Niacinamide Clarifying Serum + POPxo Glow Goals Sunscreen,576,"1,048",5 ratings,https://www.myglamm.com/product/myglamm-10-niacinamide-clarifying-serum-popxo-glow-goals-sunscreen.html,1,Sunscreen, ,[],Notify
232,skincare,POPxo Glow Goals Illuminating Sunscreen SPF 30 PA+++ 30g Pack of 2,453,698,5 ratings,https://www.myglamm.com/product/popxo-glow-goals-illuminating-sunscreen-spf-30-pa-30g-pack-of-2-may-surv.html,69,Sunscreen, ,[],Notify
233,skincare,POPxo Glow Goals Illuminating Sunscreen SPF 30 PA+++ 30g And Sheet Mask Set of 2,547,,,https://www.myglamm.com/product/popxo-glow-goals-illuminating-sunscreen-spf-30-pa-30g-and-sheet-mask-pack-of-2-199xo-jun.html,,Sunscreen, ,[],WRITE A REVIEW
234,skincare,POPxo Glow Goals Illuminating Sunscreen SPF 30 PA+++ 30g And Sheet Mask Pack of 2,410,547,5 ratings,https://www.myglamm.com/product/popxo-sheet-mask-pack-of-2-glow-goals-illuminating-sunscreen-spf-30-pa-30g-mar-surv.html,16,Sunscreen, ,[],Notify
235,skincare,"St.Botanica Vitamin C 20%, E & Hyaluronic Acid Face Serum, 20ml",489,699,5 ratings,https://www.myglamm.com/product/stbotanica-vitamin-c-20-e-hyaluronic-acid-face-serum-20ml.html,6,Face Serum, ,[],Notify
236,skincare,Manish Malhotra Hydrating Golden Lip Mask,149,,5 ratings,https://www.myglamm.com/product/manish-malhotra-hydrating-golden-lip-mask.html,63,Masks,Sheet Mask,[],Notify
237,skincare,GLOW Iridescent Brightening Foam Cleanser,646,995,4.9 ratings,https://www.myglamm.com/product/glow-iridescent-brightening-foam-cleanser.html,167,Cleansing Products,Cleanser,[],Notify
238,skincare,MyGlamm 10% Niacinamide Clarifying Serum Enriched With Moringa & Tiger Grass - For An Even Skin Tone,699,,5 ratings,https://www.myglamm.com/product/myglamm-10-niacinamide-clarifying-serum-enriched-with-moringa-tiger-pure-radiance-part.html,3,Face Serum,Serum,[],Notify
239,skincare,POPxo Glow Goals Illuminating Sunscreen SPF 30 PA+++ 30g With Gift Card Worth ₹400,749,,,https://www.myglamm.com/product/popxo-glow-goals-illuminating-sunscreen-spf-30-pa-30g-with-gift-card.html,,Sunscreen, ,[],Notify
240,skincare,POPxo Glow Goals + POPxo Sheet Mask And Gift Card Worth ₹ 250,698,,5 ratings,https://www.myglamm.com/product/popxo-glow-goals-popxo-sheet-mask-and-gift-card-worth-rs-250.html,4,Masks,Sheet Mask,[],Notify
241,skincare,POPxo Sheet Mask + Glow Goals Illuminating Sunscreen SPF 30 PA+++ 30g,448,,,https://www.myglamm.com/product/popxo-sheet-mask-glow-goals-illuminating-sunscreen-spf-30-pa-30g.html,, , ,[],WRITE A REVIEW
242,skincare,K.Play Sheet Mask Pack Of 3,326,435,,https://www.myglamm.com/product/kplay-sheet-mask-pack-of-3.html,,Masks,Sheet Mask,[],WRITE A REVIEW
243,skincare,MyGlamm 10% Niacinamide Clarifying Serum enriched with Moringa & Tiger Grass Pack of 2,768,"1,398",5 ratings,https://www.myglamm.com/product/myglamm-10-niacinamide-clarifying-serum-enriched-with-moringa-tiger-grass-pack-of-2-rakhi.html,4,Face Serum,Serum,[],Notify
244,skincare,Skin & Lip Lovin Combo,685,,4.9 ratings,https://www.myglamm.com/product/set-of-2-myglamm-kplay-sheet-mask-myglamm-lit-velvet-matte-liquid-lipstick-mar-part.html,30,Masks,Lipsticks,[],Notify
245,skincare,Manish Malhotra Revitalising Golden Eye Mask,149,,5 ratings,https://www.myglamm.com/product/manish-malhotra-revitalising-golden-eye-mask.html,68,Masks,Sheet Mask,[],Notify
246,skincare,MyGlamm YOUTHfull Hydrating Eye Cream With Water Bank Technology,581,895,5 ratings,https://www.myglamm.com/product/youthfull-hydrating-eye-cream-with-water-bank-technology.html,83,Eye Cream,Eye Cream,[],Notify
247,skincare,Set of 2 MyGlamm K.Play Sheet Mask,261,290,4.9 ratings,https://www.myglamm.com/product/set-of-2-myglamm-kplay-sheet-mask.html,16,Face, ,[],Notify
248,skincare,K.Play Sheet Mask Set Of 2,188,290,5 ratings,https://www.myglamm.com/product/kplay-sheet-mask-set-of-2.html,15,Masks,Sheet Mask,[],Notify
249,skincare,GLOW Iridescent Brightening Body Lotion,602,"1,095",5 ratings,https://www.myglamm.com/product/glow-iridescent-brightening-body-lotion.html,140,Body Lotion,Body Lotion,[],Notify
250,skincare,GLOW Iridescent Brightening Essence,836,"1,195",5 ratings,https://www.myglamm.com/product/glow-iridescent-brightening-essence.html,209,Face Serum,Serum,[],Notify
251,skincare,GLOW Iridescent Brightening Moisturising Cream,"1,036","1,595",5 ratings,https://www.myglamm.com/product/glow-iridescent-brightening-moisturising-cream.html,388,Moisturizer,Moisturiser,[],Notify
252,skincare,MyGlamm YOUTHfull Hydrating Moisturising Gel With Water Bank Technology,766,"1,095",4.9 ratings,https://www.myglamm.com/product/youthfull-hydrating-moisturising-gel-with-water-bank-technology.html,97,Moisturizer,Moisturiser,[],Notify
253,skincare,GLOW Iridescent Brightening Toner,547,995,5 ratings,https://www.myglamm.com/product/glow-iridescent-brightening-toner.html,269,Cleansing Products,Cleanser,[],Notify
254,skincare,MyGlamm K.Play Mandarin Brightening Sheet Mask,145,,5 ratings,https://www.myglamm.com/product/kplay-mandarin-brightening-sheet-mask.html,1354,Masks,Sheet Mask,[],Notify
255,skincare,Manish Malhotra Amla Moisturising Gel,850,945,5 ratings,https://www.myglamm.com/product/manish-malhotra-amla-moisturising-gel.html,144,Moisturizer,Moisturiser,[],Notify
256,skincare,MyGlamm Wipeout Germ Killing Face Wash - Rose & Honey,119,,4.9 ratings,https://www.myglamm.com/product/wipeout-germ-killing-rose-honey-face-wash.html,290,Cleansing Products,Face Wash,[],Notify
257,skincare,"St.Botanica Vitamin C Brightening Foaming Face Wash with Built in Brush, 120ml",349,499,4.9 ratings,https://www.myglamm.com/product/stbotanica-vitamin-c-brightening-foaming-face-wash-with-built-in-brush-120ml.html,13,Cleansing Products,Cleanser,[],Notify
258,skincare,"MyGlamm 10% Niacinamide Clarifying Serum + St.Botanica Moroccan Argan Oil Anti Wrinkle Night Cream, 50g",933,"1,698",5 ratings,https://www.myglamm.com/product/myglamm-10-niacinamide-clarifying-serum-stbotanica-moroccan-argan-oil-anti-wrinkle-night-cream-50g.html,1,Moisturiser, ,[],Notify
259,skincare,MyGlamm 10% Niacinamide Clarifying Serum + St.Botanica Pro Keratin & Argan Oil Hair Serum 120ml,823,"1,498",5 ratings,https://www.myglamm.com/product/myglamm-10-niacinamide-clarifying-serum-stbotanica-pro-keratin-argan-oil-hair-serum-120ml-xo-jul.html,11,Face Serum, ,[],Notify
260,skincare,Manish Malhotra Illuminating Golden Sheet Mask,261,349,5 ratings,https://www.myglamm.com/product/manish-malhotra-illuminating-golden-sheet-mask.html,64,Masks,Sheet Mask,[],Notify
261,skincare,Manish Malhotra Sandalwood & Saffron Sheet Mask,199,,5 ratings,https://www.myglamm.com/product/manish-malhotra-sandalwood-saffron-sheet-mask.html,282,Masks,Sheet Mask,[],Notify
262,skincare,GLOW Iridescent Brightening Sheet Mask,199,,4.9 ratings,https://www.myglamm.com/product/glow-iridescent-brightening-sheet-mask.html,437,Masks,Sheet Mask,[],Notify
263,skincare,Manish Malhotra Kesar Face Pack Gel,850,945,5 ratings,https://www.myglamm.com/product/manish-malhotra-kesar-face-pack-gel.html,238,Masks,Face Pack,[],Notify
264,skincare,"St.Botanica Retinol Advanced Anti Aging Day Cream SPF 25, 50g",629,899,5 ratings,https://www.myglamm.com/product/stbotanica-retinol-advanced-anti-aging-day-cream-spf-25-50g.html,7,Moisturiser, ,[],Notify
265,skincare,Manish Malhotra Rose Lip Moisturising Gel,521,745,4.9 ratings,https://www.myglamm.com/product/manish-malhotra-rose-lip-moisturising-gel.html,93,Moisturizer,Moisturiser,[],Notify
266,skincare,MyGlamm SUPERFOODS Kiwi & Coconut Sunscreen 50ml,449,499,4.9 ratings,https://www.myglamm.com/product/superfoods-kiwi-coconut-sunscreen.html,184,Sunscreen, ,[],Notify
267,skincare,"MyGlamm 10% Niacinamide Clarifying Serum + Oriental Botanics Bhringraj & Amla Hair Mask, 200ml",686,"1,248",5 ratings,https://www.myglamm.com/product/myglamm-10-niacinamide-clarifying-serum-oriental-botanics-bhringraj-amla-hair-mask-200ml.html,1,Face Serum,Hair Mask,[],Notify
